ID_Estudiante,Nombre_Estudiante,ID_Facultad,Materias_Inscriptas,Materias_Aprobadas,Anio_Ingreso
EST-401,Bruno Navarro,FAC-02,1,0,2024
EST-402,Valentina Díaz,FAC-04,3,2,2024
EST-403,Camila Rossi,FAC-01,2,0,2024
EST-404,Ramiro Domínguez,FAC-04,1,1,2024
EST-405,María Vega,FAC-01,1,1,2024
EST-406,Mateo Acosta,FAC-02,3,2,2024
EST-407,Lucía Juárez,FAC-01,3,3,2024
EST-408,Benjamín Ferreyra,FAC-02,2,1,2024
EST-409,Florencia López,FAC-03,3,3,2024
EST-410,Juan Benítez,FAC-03,2,1,2024
EST-411,Tomás Arias,FAC-01,3,3,2024
EST-412,Florencia Álvarez,FAC-03,1,1,2024
EST-413,Rocío Díaz,FAC-01,2,1,2024
EST-414,Paula Rossi,FAC-03,2,1,2024
EST-415,María Medina,FAC-01,2,1,2024
EST-416,Valentina Godoy,FAC-02,3,1,2024
EST-417,Ana Arias,FAC-01,3,2,2024
EST-418,Abril Díaz,FAC-03,3,2,2024
EST-419,Joaquín Vega,FAC-01,1,0,2024
EST-420,Ramiro Álvarez,FAC-01,3,0,2024
EST-421,Lucas Fernández,FAC-04,1,1,2024
EST-422,Joaquín Díaz,FAC-02,1,0,2024
